<?xml version="1.0" encoding="utf-8"?>
<manifest xmlns="http://www.we7.cc" versionCode="0.8,1.0">
	<application setting="false">
		<name><![CDATA[智慧表单流程]]></name>
		<identifie><![CDATA[gd_zlyqk]]></identifie>
		<version><![CDATA[7.7.5]]></version>
		<type><![CDATA[business]]></type>
		<ability><![CDATA[智慧表单流程,全能流程,万能表单]]></ability>
		<description><![CDATA[智慧表单流程,万能流程定义,万能表单]]></description>
		<author><![CDATA[牛不牛]]></author>
		<url><![CDATA[https://www.niubuniu.cn]]></url>
	</application>
	<platform>
		<subscribes>
		</subscribes>
		<handles>
			<message type="text" />
			<message type="image" />
			<message type="subscribe" />
			<message type="qr" />
		</handles>
		<rule embed="true" />
		<card embed="false" />
		<supports>
			<item type="app" />
        </supports>
	</platform>
	<bindings>
		<cover>
			<entry title="首页" do="appList" state="" direct="true" />
			<entry title="" do="" state="" direct="false" />
		</cover>
		<menu>
			<entry title="管理中心" do="menus" state="" direct="false" />
			<entry title="" do="" state="" direct="false" />
		</menu>
		<profile>
			<entry title="通知列表" do="articles" state="" direct="true" />
			<entry title="个人中心" do="member" state="" direct="true" />
			<entry title="任务列表" do="msg" state="" direct="true" />
			<entry title="消息列表" do="category" state="" direct="true" />
			<entry title="微信首页" do="appList" state="" direct="true" />
			<entry title="" do="" state="" direct="false" />
		</profile>
	</bindings>
	<permissions>
	</permissions>
	<install><![CDATA[CREATE TABLE IF NOT EXISTS `ims_gd_acc` (
  `id` int(11) NOT NULL AUTO_INCREMENT,
  `uniacid` int(11) DEFAULT NULL,
  `acc_name` varchar(145) DEFAULT '',
  `acc` text,
  `status` int(11) DEFAULT '0',
  `create_time` int(11) DEFAULT '0',
  PRIMARY KEY (`id`)
) ENGINE=InnoDB DEFAULT CHARSET=utf8;
CREATE TABLE IF NOT EXISTS `ims_gd_ad` (
  `id` int(255) NOT NULL AUTO_INCREMENT,
  `uniacid` int(11) NOT NULL,
  `name` varchar(255) NOT NULL,
  `sorter` int(11) DEFAULT NULL,
  `url` varchar(255) DEFAULT NULL,
  `cover` varchar(255) DEFAULT NULL,
  `status` int(11) DEFAULT '1',
  `create_time` int(11) DEFAULT NULL,
  PRIMARY KEY (`id`)
) ENGINE=InnoDB DEFAULT CHARSET=utf8;
CREATE TABLE IF NOT EXISTS `ims_gd_admin` (
  `id` int(11) NOT NULL AUTO_INCREMENT,
  `uniacid` int(11) NOT NULL DEFAULT '0',
  `name` varchar(45) NOT NULL DEFAULT '',
  `mobile` varchar(20) DEFAULT '',
  `password` varchar(100) DEFAULT '',
  `organize` int(11) NOT NULL DEFAULT '1' COMMENT '1=>员工,2=>管理\n',
  `status` int(11) DEFAULT '1',
  `create_time` int(11) DEFAULT '0',
  `open_id` varchar(45) DEFAULT '',
  `is_bind` int(11) DEFAULT '0' COMMENT '0',
  `uid` int(11) DEFAULT '0',
  `app_id` int(11) DEFAULT '0',
  `app2_id` int(11) DEFAULT '0',
  `avatar` varchar(500) DEFAULT '',
  `account` varchar(45) DEFAULT '',
  `department` int(11) DEFAULT '0',
  `yun_id` int(11) DEFAULT '0',
  `is_sys` int(11) DEFAULT '0',
  PRIMARY KEY (`id`)
) ENGINE=InnoDB AUTO_INCREMENT=52 DEFAULT CHARSET=utf8;
CREATE TABLE IF NOT EXISTS `ims_gd_app` (
  `id` int(11) NOT NULL AUTO_INCREMENT,
  `uniacid` int(11) NOT NULL,
  `name` varchar(45) NOT NULL,
  `create_time` int(11) NOT NULL,
  `status` int(11) NOT NULL DEFAULT '1',
  `is_default` int(11) NOT NULL DEFAULT '0',
  `flow_id` int(11) DEFAULT '0',
  `category` int(11) DEFAULT '0',
  `property` varchar(1000) DEFAULT '',
  `table` varchar(150) DEFAULT '',
  `cover` varchar(400) DEFAULT NULL,
  `cover_name` varchar(500) DEFAULT NULL,
  `cover_desc` varchar(500) DEFAULT NULL,
  `name_color` varchar(45) DEFAULT NULL,
  `desc_color` varchar(45) DEFAULT NULL,
  `cover_notice` varchar(2000) DEFAULT NULL,
  `notice_color` varchar(45) DEFAULT NULL,
  `icon` varchar(300) DEFAULT NULL,
  `group_id` int(11) DEFAULT '0',
  `is_show` int(11) DEFAULT '1',
  `back` int(11) DEFAULT '0',
  `cancel` int(11) NOT NULL DEFAULT '0',
  `sorter` int(11) NOT NULL DEFAULT '0',
  `department` varchar(400) NOT NULL,
  `mods` int(7) NOT NULL DEFAULT '0',
  `cond` int(11) NOT NULL DEFAULT '0',
  `cond_num` int(11) NOT NULL DEFAULT '0',
  `menu` int(11) NOT NULL DEFAULT '1',
  `per_num` int(11) NOT NULL DEFAULT '0',
  `priv` varchar(200) NOT NULL DEFAULT '0',
  `them` text,
  `is_submit` int(11) DEFAULT '0',
  `tpl` varchar(50) DEFAULT 'index',
  PRIMARY KEY (`id`)
) ENGINE=InnoDB DEFAULT CHARSET=utf8;
CREATE TABLE IF NOT EXISTS `ims_gd_article` (
  `id` int(11) NOT NULL AUTO_INCREMENT,
  `uniacid` int(11) DEFAULT NULL,
  `is_admin` int(11) DEFAULT '0',
  `admin_group` varchar(300) DEFAULT '',
  `title` varchar(1000) DEFAULT '',
  `from` varchar(1000) DEFAULT '',
  `desc` text,
  `content` text,
  `create_time` int(11) DEFAULT '0',
  `gone_time` int(11) DEFAULT '0',
  `status` int(11) DEFAULT '1',
  `public` varchar(1000) NOT NULL,
  `is_default` int(11) DEFAULT '0',
  `icon` varchar(445) DEFAULT NULL,
  PRIMARY KEY (`id`)
) ENGINE=InnoDB DEFAULT CHARSET=utf8;
CREATE TABLE IF NOT EXISTS `ims_gd_bd98855` (
  `id` int(11) NOT NULL AUTO_INCREMENT,
  `uniacid` int(11) NOT NULL DEFAULT '0',
  `app_id` int(11) NOT NULL DEFAULT '0',
  `xm_483` text,
  `txhm_105` text,
  `wtms_453` text,
  `create_time` varchar(45) NOT NULL DEFAULT '0',
  `node_id` int(11) DEFAULT '0',
  `node_name` varchar(300) DEFAULT '0',
  `status_id` int(11) DEFAULT '0',
  `status_name` varchar(300) DEFAULT '0',
  `do_status` int(11) DEFAULT '0',
  `start_time` int(11) DEFAULT '0',
  `member_id` int(11) DEFAULT '0',
  `member_name` varchar(200) DEFAULT '',
  `is_end` int(11) DEFAULT '0',
  `end_time` int(11) DEFAULT '0',
  `pay_money` decimal(12,2) DEFAULT '0.00',
  `pay_status` int(11) DEFAULT '0',
  `pay_sn` varchar(100) DEFAULT '',
  `next_act` varchar(400) DEFAULT '',
  `pay_time` int(11) DEFAULT '0',
  `category` int(11) DEFAULT '0',
  `property` int(11) DEFAULT '0',
  `app_pay` decimal(12,1) DEFAULT '0.0',
  PRIMARY KEY (`id`)
) ENGINE=InnoDB DEFAULT CHARSET=utf8;
CREATE TABLE IF NOT EXISTS `ims_gd_cancel` (
  `id` int(11) NOT NULL AUTO_INCREMENT,
  `uniacid` int(11) NOT NULL,
  `app_id` int(11) NOT NULL,
  `pool_id` int(11) NOT NULL,
  `recorder_id` int(11) NOT NULL,
  `node_id` int(11) NOT NULL,
  `node_name` varchar(145) NOT NULL,
  `member_id` int(11) DEFAULT '0',
  `member_name` varchar(145) DEFAULT NULL,
  `create_time` int(11) DEFAULT '0',
  `status` int(11) DEFAULT '1',
  PRIMARY KEY (`id`)
) ENGINE=InnoDB DEFAULT CHARSET=utf8;
CREATE TABLE IF NOT EXISTS `ims_gd_category` (
  `id` int(11) NOT NULL AUTO_INCREMENT,
  `uniacid` int(11) NOT NULL,
  `name` varchar(145) NOT NULL,
  `create_time` int(11) DEFAULT NULL,
  `status` int(11) DEFAULT '1',
  PRIMARY KEY (`id`)
) ENGINE=InnoDB DEFAULT CHARSET=utf8;
CREATE TABLE IF NOT EXISTS `ims_gd_code` (
  `id` int(11) NOT NULL AUTO_INCREMENT,
  `uniacid` int(11) NOT NULL,
  `sn` varchar(255) NOT NULL,
  `status` int(11) DEFAULT '0',
  `create_time` int(11) DEFAULT NULL,
  `use_time` int(11) DEFAULT NULL,
  `label` int(11) DEFAULT NULL,
  `member_id` int(11) DEFAULT '0',
  `member_name` varchar(100) DEFAULT '',
  PRIMARY KEY (`id`)
) ENGINE=InnoDB DEFAULT CHARSET=utf8;
CREATE TABLE IF NOT EXISTS `ims_gd_code_label` (
  `id` int(11) NOT NULL AUTO_INCREMENT,
  `uniacid` int(11) NOT NULL,
  `name` varchar(255) NOT NULL,
  `status` int(255) DEFAULT '1',
  `create_time` int(11) DEFAULT NULL,
  PRIMARY KEY (`id`)
) ENGINE=InnoDB DEFAULT CHARSET=utf8;
CREATE TABLE IF NOT EXISTS `ims_gd_datas` (
  `id` int(11) NOT NULL AUTO_INCREMENT,
  `uniacid` int(11) NOT NULL,
  `name` varchar(120) NOT NULL,
  `tables` varchar(120) DEFAULT NULL,
  `config` text NOT NULL,
  `create_time` int(11) DEFAULT NULL,
  `status` int(11) DEFAULT '0',
  PRIMARY KEY (`id`)
) ENGINE=InnoDB DEFAULT CHARSET=utf8;
CREATE TABLE IF NOT EXISTS `ims_gd_deal` (
  `id` int(11) NOT NULL AUTO_INCREMENT,
  `flow_id` int(11) NOT NULL DEFAULT '0',
  `node_id` int(11) NOT NULL DEFAULT '0',
  `deal_role` int(11) NOT NULL DEFAULT '1' COMMENT '1=>员工,2=>客户\n',
  `recorder_id` int(11) NOT NULL DEFAULT '0',
  `deal_time` int(11) NOT NULL DEFAULT '0',
  `member_id` varchar(300) DEFAULT '0',
  `member_name` varchar(200) DEFAULT '',
  `deal_msg` text,
  `status_id` int(11) DEFAULT NULL,
  `status_name` varchar(145) DEFAULT NULL,
  `app_id` int(11) DEFAULT '0',
  `pay_money` decimal(12,2) DEFAULT '0.00',
  `pay_status` int(11) DEFAULT '0',
  `pay_sn` varchar(45) DEFAULT '',
  `pay_time` int(11) DEFAULT '0',
  `from` int(11) DEFAULT '0',
  `is_end` int(11) DEFAULT '0',
  `line_id` varchar(50) NOT NULL,
  PRIMARY KEY (`id`)
) ENGINE=InnoDB DEFAULT CHARSET=utf8;
CREATE TABLE IF NOT EXISTS `ims_gd_department` (
  `id` int(11) NOT NULL AUTO_INCREMENT,
  `uniacid` int(11) NOT NULL,
  `name` varchar(45) NOT NULL,
  `status` int(11) DEFAULT '1',
  `create_time` int(11) DEFAULT '0',
  `is_admin` int(11) DEFAULT '0',
  `pay` int(11) DEFAULT '0',
  `pay_money` decimal(12,2) DEFAULT '0.00',
  `pay_status` int(11) DEFAULT '0',
  `pay_sn` varchar(100) DEFAULT '0',
  `pay_time` int(11) DEFAULT '0',
  `acc_id` int(11) DEFAULT NULL,
  PRIMARY KEY (`id`)
) ENGINE=InnoDB AUTO_INCREMENT=22 DEFAULT CHARSET=utf8;
CREATE TABLE IF NOT EXISTS `ims_gd_element` (
  `id` int(11) NOT NULL AUTO_INCREMENT,
  `name` varchar(45) NOT NULL,
  `type` int(11) NOT NULL DEFAULT '1',
  `create_time` int(11) DEFAULT NULL,
  `status` int(11) DEFAULT '1',
  `el_name` varchar(45) DEFAULT '',
  `flow_id` int(11) DEFAULT '0',
  PRIMARY KEY (`id`)
) ENGINE=InnoDB DEFAULT CHARSET=utf8;
CREATE TABLE IF NOT EXISTS `ims_gd_fj` (
  `id` int(11) NOT NULL AUTO_INCREMENT,
  `uniacid` int(11) NOT NULL,
  `name` varchar(255) COLLATE utf8_bin NOT NULL,
  `url` varchar(1500) COLLATE utf8_bin DEFAULT NULL,
  `type` varchar(255) COLLATE utf8_bin DEFAULT NULL,
  `label` varchar(255) COLLATE utf8_bin DEFAULT NULL,
  `gd_sn` varchar(255) COLLATE utf8_bin DEFAULT NULL,
  `pool_id` int(11) DEFAULT NULL,
  `app_id` int(11) DEFAULT '0',
  `status` int(11) DEFAULT '1',
  `up_id` int(11) DEFAULT '0',
  `up_name` varchar(255) COLLATE utf8_bin NOT NULL,
  `create_time` int(11) DEFAULT NULL,
  PRIMARY KEY (`id`)
) ENGINE=InnoDB DEFAULT CHARSET=utf8 COLLATE=utf8_bin;
CREATE TABLE IF NOT EXISTS `ims_gd_flow` (
  `id` int(11) NOT NULL AUTO_INCREMENT,
  `name` varchar(45) NOT NULL,
  `uniacid` int(11) NOT NULL,
  `app_id` int(11) DEFAULT '0',
  `flow_arr` varchar(3000) DEFAULT '',
  `flow_source` varchar(5000) DEFAULT '',
  `create_time` int(11) DEFAULT '0',
  `status` int(11) DEFAULT '0',
  `line` text NOT NULL,
  `task` text NOT NULL,
  PRIMARY KEY (`id`)
) ENGINE=InnoDB DEFAULT CHARSET=utf8;
CREATE TABLE IF NOT EXISTS `ims_gd_gq` (
  `id` int(11) NOT NULL AUTO_INCREMENT,
  `uniacid` int(11) DEFAULT '0',
  `title` varchar(500) DEFAULT NULL,
  `unit` int(11) DEFAULT '1' COMMENT '1月,2=>年,3天',
  `num` int(11) DEFAULT NULL,
  `remark` varchar(250) DEFAULT NULL,
  `url` varchar(1000) DEFAULT NULL,
  `create_time` int(11) DEFAULT NULL,
  `status` int(11) DEFAULT NULL,
  PRIMARY KEY (`id`)
) ENGINE=InnoDB DEFAULT CHARSET=utf8;
CREATE TABLE IF NOT EXISTS `ims_gd_hb` (
  `id` int(11) NOT NULL AUTO_INCREMENT,
  `uniacid` int(11) NOT NULL DEFAULT '0',
  `send_name` varchar(245) DEFAULT NULL,
  `total_amount` decimal(12,2) DEFAULT '0.00',
  `act_name` varchar(145) DEFAULT NULL,
  `wishing` varchar(145) DEFAULT NULL,
  `remark` varchar(45) DEFAULT NULL,
  `status` int(11) DEFAULT '0',
  `create_time` int(11) DEFAULT '0',
  PRIMARY KEY (`id`)
) ENGINE=InnoDB DEFAULT CHARSET=utf8;
CREATE TABLE IF NOT EXISTS `ims_gd_hblog` (
  `id` int(11) NOT NULL AUTO_INCREMENT,
  `uniacid` int(11) NOT NULL,
  `member_name` varchar(120) NOT NULL,
  `member_id` varchar(45) NOT NULL,
  `money` decimal(12,2) NOT NULL,
  `send_name` varchar(245) DEFAULT NULL,
  `wishing` varchar(345) DEFAULT NULL,
  `act_name` varchar(145) DEFAULT NULL,
  `remark` varchar(145) DEFAULT NULL,
  `open_id` varchar(145) DEFAULT NULL,
  `scene` varchar(145) DEFAULT NULL,
  `status` int(11) DEFAULT '0',
  `code` varchar(45) DEFAULT NULL,
  `msg` varchar(345) DEFAULT NULL,
  `gd_sn` varchar(345) DEFAULT NULL,
  `order_sn` varchar(345) DEFAULT NULL,
  `create_time` int(11) DEFAULT NULL,
  `hb_id` int(11) NOT NULL,
  PRIMARY KEY (`id`)
) ENGINE=InnoDB DEFAULT CHARSET=utf8;
CREATE TABLE IF NOT EXISTS `ims_gd_hbset` (
  `id` int(11) NOT NULL AUTO_INCREMENT,
  `uniacid` int(11) NOT NULL DEFAULT '0',
  `cert` text,
  `key` text,
  `ca` text,
  `status` int(11) DEFAULT '1',
  `create_time` int(11) DEFAULT NULL,
  PRIMARY KEY (`id`)
) ENGINE=InnoDB DEFAULT CHARSET=utf8;
CREATE TABLE IF NOT EXISTS `ims_gd_images` (
  `id` int(11) NOT NULL AUTO_INCREMENT,
  `uniacid` int(11) NOT NULL,
  `name` varchar(245) DEFAULT NULL,
  `thumb` varchar(445) DEFAULT NULL,
  `type` varchar(445) DEFAULT NULL,
  `url` varchar(45) DEFAULT NULL,
  `create_time` int(11) DEFAULT NULL,
  `status` int(11) DEFAULT '1',
  PRIMARY KEY (`id`)
) ENGINE=InnoDB DEFAULT CHARSET=utf8;
CREATE TABLE IF NOT EXISTS `ims_gd_label` (
  `id` int(11) NOT NULL AUTO_INCREMENT,
  `uniacid` int(11) NOT NULL DEFAULT '0',
  `label_name` varchar(300) NOT NULL,
  `status` int(11) DEFAULT '1',
  `create_time` int(11) DEFAULT '0',
  PRIMARY KEY (`id`)
) ENGINE=InnoDB DEFAULT CHARSET=utf8;
CREATE TABLE IF NOT EXISTS `ims_gd_lb` (
  `id` int(11) NOT NULL AUTO_INCREMENT,
  `uniacid` int(11) NOT NULL,
  `name` varchar(255) COLLATE utf8_bin NOT NULL,
  `status` int(11) DEFAULT '1',
  `create_time` int(11) DEFAULT '0',
  PRIMARY KEY (`id`)
) ENGINE=InnoDB DEFAULT CHARSET=utf8 COLLATE=utf8_bin;
CREATE TABLE IF NOT EXISTS `ims_gd_lct` (
  `id` int(11) NOT NULL AUTO_INCREMENT,
  `uniacid` int(11) DEFAULT '0',
  `app_id` int(11) DEFAULT NULL,
  `name` varchar(500) CHARACTER SET utf8 COLLATE utf8_bin DEFAULT NULL,
  `lat` varchar(100) CHARACTER SET utf8 COLLATE utf8_bin DEFAULT NULL,
  `lnt` varchar(100) CHARACTER SET utf8 COLLATE utf8_bin DEFAULT NULL,
  `create_time` int(11) DEFAULT NULL,
  `status` int(11) DEFAULT '1',
  `r_id` int(11) DEFAULT NULL,
  `gd_sn` varchar(50) CHARACTER SET utf8 COLLATE utf8_bin DEFAULT NULL,
  `s_id` int(11) DEFAULT '0',
  PRIMARY KEY (`id`)
) ENGINE=MyISAM DEFAULT CHARSET=utf8;
CREATE TABLE IF NOT EXISTS `ims_gd_ld` (
  `id` int(11) NOT NULL AUTO_INCREMENT,
  `uniacid` int(11) NOT NULL,
  `name` varchar(445) NOT NULL,
  `parent_id` int(11) NOT NULL,
  `des` varchar(4445) DEFAULT NULL,
  `create_time` int(11) DEFAULT NULL,
  `status` int(11) DEFAULT '1',
  PRIMARY KEY (`id`)
) ENGINE=InnoDB DEFAULT CHARSET=utf8;
CREATE TABLE IF NOT EXISTS `ims_gd_member` (
  `id` int(11) NOT NULL AUTO_INCREMENT,
  `uniacid` int(11) NOT NULL DEFAULT '0',
  `name` varchar(45) NOT NULL,
  `mobile` varchar(45) NOT NULL,
  `uid` int(11) NOT NULL DEFAULT '0',
  `open_id` varchar(100) NOT NULL,
  `app_id` int(11) DEFAULT '0',
  `create_time` int(11) DEFAULT '0',
  `status` int(11) DEFAULT '1',
  `is_register` int(11) DEFAULT '0',
  `admin_id` int(11) DEFAULT '0',
  `label` int(11) DEFAULT '0',
  `group_id` int(11) DEFAULT NULL,
  `group_name` varchar(250) DEFAULT NULL,
  PRIMARY KEY (`id`)
) ENGINE=InnoDB AUTO_INCREMENT=2008 DEFAULT CHARSET=utf8;
CREATE TABLE IF NOT EXISTS `ims_gd_member_ext` (
  `id` int(11) NOT NULL AUTO_INCREMENT,
  `uniacid` int(11) DEFAULT '0',
  `name` varchar(100) NOT NULL,
  `sort` int(11) DEFAULT '1',
  `xml` text,
  `create_time` int(11) DEFAULT '0',
  `status` int(11) DEFAULT '1',
  `table` varchar(45) NOT NULL,
  PRIMARY KEY (`id`)
) ENGINE=InnoDB DEFAULT CHARSET=utf8;
CREATE TABLE IF NOT EXISTS `ims_gd_member_label` (
  `id` int(11) NOT NULL AUTO_INCREMENT,
  `uniacid` int(11) NOT NULL DEFAULT '0',
  `label_name` varchar(300) NOT NULL,
  `status` int(11) DEFAULT '1',
  `create_time` int(11) DEFAULT '0',
  PRIMARY KEY (`id`)
) ENGINE=InnoDB DEFAULT CHARSET=utf8;
CREATE TABLE IF NOT EXISTS `ims_gd_menu` (
  `id` int(11) NOT NULL AUTO_INCREMENT,
  `uniacid` int(11) NOT NULL,
  `title` varchar(200) NOT NULL,
  `url` varchar(345) NOT NULL,
  `select_cover` varchar(345) DEFAULT NULL,
  `unselect_cover` varchar(345) DEFAULT NULL,
  `create_time` int(11) DEFAULT NULL,
  `status` int(11) DEFAULT '1',
  `sort` varchar(45) DEFAULT NULL,
  `sys_sort` int(7) NOT NULL DEFAULT '0',
  PRIMARY KEY (`id`)
) ENGINE=InnoDB AUTO_INCREMENT=144 DEFAULT CHARSET=utf8;
CREATE TABLE IF NOT EXISTS `ims_gd_mm` (
  `id` int(11) NOT NULL AUTO_INCREMENT,
  `uniacid` int(11) NOT NULL,
  `admin_id` int(11) NOT NULL,
  `admin_name` varchar(255) CHARACTER SET utf8 COLLATE utf8_bin NOT NULL,
  `create_time` int(11) DEFAULT NULL,
  `status` int(11) DEFAULT '1',
  PRIMARY KEY (`id`)
) ENGINE=InnoDB DEFAULT CHARSET=utf8;
CREATE TABLE IF NOT EXISTS `ims_gd_msg` (
  `id` int(11) NOT NULL AUTO_INCREMENT,
  `recorder_id` int(11) NOT NULL DEFAULT '0',
  `status` int(11) NOT NULL DEFAULT '1' COMMENT '1=>待分配,2=>已分配,3=>处理中,4=>已经完成,5=>已取消,6=>已经评论',
  `act_admin` int(11) DEFAULT '0',
  `act_name` varchar(45) DEFAULT '',
  `recive_id` int(11) DEFAULT '0',
  `recive_name` varchar(45) DEFAULT '',
  `notice` varchar(300) DEFAULT '',
  `create_time` int(11) NOT NULL DEFAULT '0',
  `is_member` int(11) DEFAULT '0',
  `uniacid` int(11) DEFAULT '0',
  `other` int(11) DEFAULT '0',
  PRIMARY KEY (`id`)
) ENGINE=InnoDB DEFAULT CHARSET=utf8;
CREATE TABLE IF NOT EXISTS `ims_gd_mu` (
  `id` int(255) NOT NULL AUTO_INCREMENT,
  `uniacid` int(11) NOT NULL,
  `name` varchar(255) NOT NULL,
  `sorter` int(11) DEFAULT NULL,
  `url` varchar(255) DEFAULT NULL,
  `cover` varchar(255) DEFAULT NULL,
  `status` int(11) DEFAULT '1',
  `create_time` int(11) DEFAULT NULL,
  PRIMARY KEY (`id`)
) ENGINE=InnoDB DEFAULT CHARSET=utf8;
CREATE TABLE IF NOT EXISTS `ims_gd_node` (
  `id` int(11) NOT NULL AUTO_INCREMENT,
  `flow_id` varchar(20) DEFAULT NULL,
  `uniacid` int(11) DEFAULT NULL,
  `name` varchar(100) DEFAULT NULL,
  `sort` int(11) DEFAULT NULL,
  `create_time` int(11) DEFAULT NULL,
  `status` int(11) DEFAULT '1',
  `who` int(11) DEFAULT '1',
  `who_list` text,
  `status_list` text,
  `form_list` text,
  `member_msg` int(11) DEFAULT '1',
  `admin_msg` int(11) DEFAULT '1',
  `xml_id` varchar(50) NOT NULL,
  `type` int(11) NOT NULL DEFAULT '1',
  `ship` varchar(2000) NOT NULL,
  `adm_list` varchar(500) DEFAULT NULL,
  PRIMARY KEY (`id`)
) ENGINE=InnoDB DEFAULT CHARSET=utf8;
CREATE TABLE IF NOT EXISTS `ims_gd_notice` (
  `id` int(11) NOT NULL AUTO_INCREMENT,
  `uniacid` int(11) NOT NULL,
  `app_id` int(11) NOT NULL,
  `app_name` varchar(245) DEFAULT NULL,
  `member_id` int(11) NOT NULL,
  `uid` int(11) NOT NULL,
  `type` int(11) DEFAULT NULL COMMENT '1=>分钟,2=>小时,3=>天,4=>周,5=>月,5=>年',
  `num` float(12,1) DEFAULT NULL,
  `text` varchar(45) DEFAULT NULL,
  `create_time` int(11) DEFAULT NULL,
  `status` int(11) DEFAULT '1',
  `before_time` int(11) DEFAULT '0',
  PRIMARY KEY (`id`)
) ENGINE=InnoDB DEFAULT CHARSET=utf8;
CREATE TABLE IF NOT EXISTS `ims_gd_order` (
  `id` int(11) NOT NULL AUTO_INCREMENT,
  `uniacid` int(11) DEFAULT '0',
  `app_id` int(11) DEFAULT '0',
  `node_id` int(11) DEFAULT '0',
  `money` decimal(12,2) DEFAULT '0.00',
  `pay_status` int(11) DEFAULT '0',
  `create_time` int(11) DEFAULT '0',
  `pay_time` int(11) DEFAULT '0',
  `member_id` int(11) DEFAULT '0',
  `order_sn` varchar(100) DEFAULT '0',
  `from` int(11) DEFAULT '1' COMMENT '1=>首页,2=>详情页',
  `status_id` int(11) DEFAULT '0',
  `recorder_id` int(11) DEFAULT '0',
  `pool_id` int(11) NOT NULL,
  `staff_msg` text NOT NULL,
  `member_msg` text NOT NULL,
  `data` text NOT NULL,
  `fms` int(11) NOT NULL DEFAULT '1',
  `who_list` varchar(1000) NOT NULL,
  `sms_msg` text,
  PRIMARY KEY (`id`)
) ENGINE=InnoDB DEFAULT CHARSET=utf8;
CREATE TABLE IF NOT EXISTS `ims_gd_plugin` (
  `id` int(11) NOT NULL AUTO_INCREMENT,
  `name` varchar(145) NOT NULL,
  `version` varchar(45) NOT NULL,
  `cover` varchar(245) NOT NULL,
  `create_time` int(11) DEFAULT NULL,
  `status` int(11) DEFAULT '1' COMMENT '1=>正常,2=>停用',
  `uniacid` int(11) DEFAULT '0',
  `yun_id` int(11) DEFAULT '0',
  `desc` varchar(245) DEFAULT NULL,
  `plugin_str` varchar(145) DEFAULT NULL,
  PRIMARY KEY (`id`)
) ENGINE=InnoDB DEFAULT CHARSET=utf8;
CREATE TABLE IF NOT EXISTS `ims_gd_plugin_have` (
  `id` int(11) NOT NULL AUTO_INCREMENT,
  `plugin_id` varchar(45) NOT NULL,
  `plugin_name` varchar(145) NOT NULL,
  `cover` varchar(245) DEFAULT NULL,
  `create_time` int(11) DEFAULT '0',
  `uniacid` int(11) DEFAULT '0',
  `status` int(11) DEFAULT '1',
  `plugin_str` varchar(145) DEFAULT NULL,
  PRIMARY KEY (`id`)
) ENGINE=InnoDB DEFAULT CHARSET=utf8;
CREATE TABLE IF NOT EXISTS `ims_gd_pool` (
  `id` int(11) NOT NULL AUTO_INCREMENT,
  `uniacid` int(11) DEFAULT '0',
  `app_id` int(11) DEFAULT '0',
  `app_name` varchar(145) DEFAULT '',
  `gd_sn` varchar(200) DEFAULT '',
  `uid` int(11) DEFAULT '0',
  `name` varchar(100) DEFAULT '',
  `mobile` varchar(45) DEFAULT '',
  `create_time` int(11) DEFAULT '0',
  `node_id` int(11) DEFAULT '0',
  `node_name` varchar(145) DEFAULT NULL,
  `node_name_status` varchar(45) DEFAULT '',
  `is_mark` int(11) DEFAULT '0',
  `mark_admin` int(11) DEFAULT NULL,
  `mark_time` int(11) DEFAULT '0',
  `mark_end_time` int(11) DEFAULT '0',
  `node_status` int(11) DEFAULT '0' COMMENT '0=>待分配,2=>待处理,3=>已完成',
  `recorder_status` int(11) DEFAULT '0' COMMENT '0=>待处理,1=>处理中,2=>已完成,3=>已撤销,4=>已转单,5=>被退回',
  `sort` int(11) DEFAULT '1',
  `do_list` text,
  `use_time` int(11) DEFAULT '0',
  `table` varchar(145) DEFAULT '',
  `staff_list` varchar(2000) DEFAULT '' COMMENT '格式: 1,2,3',
  `staff_id` int(11) DEFAULT '0',
  `staff_name` varchar(45) DEFAULT '',
  `cancel_time` int(11) DEFAULT '0',
  `end_time` int(11) DEFAULT '0',
  `back_time` int(11) DEFAULT '0',
  `pull_time` int(11) DEFAULT '0',
  `recorder_id` int(11) DEFAULT '0',
  `group_list` varchar(1000) DEFAULT '',
  `who_list` varchar(1000) DEFAULT '',
  `who` int(11) DEFAULT '1',
  `is_abort` int(11) NOT NULL DEFAULT '0',
  `category` int(11) DEFAULT '0',
  `property` int(11) DEFAULT '0',
  `app_pay` decimal(12,1) DEFAULT '0.0',
  `need_pay` int(11) NOT NULL DEFAULT '0',
  `pay_money` varchar(10) NOT NULL,
  `order_id` int(11) NOT NULL,
  `is_form` int(11) NOT NULL DEFAULT '0',
  `before_node` int(11) NOT NULL DEFAULT '0',
  `before_line` varchar(50) NOT NULL,
  `adm_list` varchar(500) DEFAULT NULL,
  PRIMARY KEY (`id`)
) ENGINE=InnoDB DEFAULT CHARSET=utf8;
CREATE TABLE IF NOT EXISTS `ims_gd_preline` (
  `id` int(11) NOT NULL AUTO_INCREMENT,
  `uniacid` int(11) DEFAULT '0',
  `flow_id` int(11) DEFAULT '0',
  `line_id` varchar(145) DEFAULT '',
  `form_list` text,
  `create_time` int(11) DEFAULT '0',
  `status` int(11) DEFAULT '1',
  PRIMARY KEY (`id`)
) ENGINE=InnoDB DEFAULT CHARSET=utf8;
CREATE TABLE IF NOT EXISTS `ims_gd_prenode` (
  `id` int(11) NOT NULL AUTO_INCREMENT,
  `uniacid` int(11) DEFAULT '0',
  `who` int(11) DEFAULT '2',
  `who_list` text,
  `form_list` text,
  `create_time` int(11) DEFAULT NULL,
  `node_sid` varchar(100) DEFAULT '0',
  `flow_id` int(11) DEFAULT '0',
  `adm_list` varchar(500) DEFAULT NULL,
  PRIMARY KEY (`id`)
) ENGINE=InnoDB AUTO_INCREMENT=282 DEFAULT CHARSET=utf8;
CREATE TABLE IF NOT EXISTS `ims_gd_property` (
  `id` int(11) NOT NULL AUTO_INCREMENT,
  `uniacid` int(11) NOT NULL,
  `name` varchar(145) NOT NULL,
  `pay` decimal(12,1) DEFAULT '0.0',
  `notice` varchar(450) DEFAULT '',
  `status` int(11) DEFAULT '1',
  `create_time` int(11) DEFAULT '0',
  PRIMARY KEY (`id`)
) ENGINE=InnoDB DEFAULT CHARSET=utf8;
CREATE TABLE IF NOT EXISTS `ims_gd_recorder` (
  `id` int(11) NOT NULL AUTO_INCREMENT,
  `scene_id` int(11) DEFAULT '0',
  `scene_name` varchar(45) DEFAULT '',
  `level_id` int(11) DEFAULT '0',
  `level_name` varchar(45) DEFAULT '',
  `them` varchar(400) DEFAULT '',
  `title` varchar(200) DEFAULT NULL,
  `desc` varchar(1000) DEFAULT NULL,
  `lnt` varchar(20) DEFAULT '0',
  `lat` varchar(20) DEFAULT '0',
  `address` varchar(220) DEFAULT '',
  `uniacid` int(11) DEFAULT '0',
  `uid` int(11) NOT NULL DEFAULT '0',
  `name` varchar(45) DEFAULT NULL,
  `open_id` varchar(50) DEFAULT '',
  `status` int(11) NOT NULL DEFAULT '1' COMMENT '1=>待分配,2=>已分配,3=>处理中,4=>已经完成,5=>已取消',
  `create_time` int(11) DEFAULT '0',
  `give_time` int(11) DEFAULT '0' COMMENT '分配分配时间',
  `give_admin` int(11) DEFAULT '0' COMMENT '分配人',
  `do_time` int(11) DEFAULT '0' COMMENT '处理时间',
  `receive_admin` int(11) DEFAULT '0' COMMENT '被分配人',
  `end_time` int(11) DEFAULT '0',
  `cancel_time` int(11) DEFAULT '0' COMMENT '取消时间',
  `voice` varchar(400) DEFAULT '',
  `photo` varchar(6000) DEFAULT '',
  `cancel_admin` int(11) DEFAULT '0',
  `cancel_member` int(11) DEFAULT '0',
  `voice_len` varchar(45) DEFAULT '',
  `app_id` int(11) DEFAULT '0',
  `app_name` varchar(45) DEFAULT '',
  `other` varchar(300) DEFAULT '',
  `deal_node` int(11) DEFAULT '0',
  `deal_status` int(11) DEFAULT '0',
  `deal_node_name` varchar(205) DEFAULT '',
  `deal_status_name` varchar(205) DEFAULT '',
  PRIMARY KEY (`id`)
) ENGINE=InnoDB DEFAULT CHARSET=utf8;
CREATE TABLE IF NOT EXISTS `ims_gd_remind` (
  `id` int(11) NOT NULL AUTO_INCREMENT,
  `uniacid` int(11) NOT NULL,
  `pool_id` int(11) NOT NULL,
  `create_time` int(11) NOT NULL,
  `remind_time` int(11) NOT NULL,
  `status` int(11) DEFAULT '0' COMMENT '0=>提交,1=>待发送,2=>已发送',
  `send_num` int(11) DEFAULT '0',
  `msg_info` text,
  `node_id` varchar(11) NOT NULL,
  `status_str` varchar(11) NOT NULL,
  `order_id` int(11) DEFAULT '0',
  `last_remind` int(11) DEFAULT '0',
  PRIMARY KEY (`id`)
) ENGINE=InnoDB DEFAULT CHARSET=utf8;
CREATE TABLE IF NOT EXISTS `ims_gd_setting` (
  `id` int(11) NOT NULL AUTO_INCREMENT,
  `uniacid` int(11) NOT NULL DEFAULT '0',
  `key` varchar(45) NOT NULL,
  `val` varchar(400) DEFAULT NULL,
  `create_time` varchar(45) NOT NULL DEFAULT '0',
  `group` int(11) NOT NULL COMMENT '1=>基本设置,2=>消息设置,3=>存储设置',
  PRIMARY KEY (`id`)
) ENGINE=InnoDB AUTO_INCREMENT=217 DEFAULT CHARSET=utf8;
CREATE TABLE IF NOT EXISTS `ims_gd_share` (
  `id` int(11) NOT NULL AUTO_INCREMENT,
  `uniacid` int(11) DEFAULT '0',
  `app_id` int(11) DEFAULT '0',
  `title` varchar(145) DEFAULT NULL,
  `desc` varchar(445) DEFAULT NULL,
  `link` varchar(245) DEFAULT NULL,
  `img` varchar(445) DEFAULT NULL,
  `status` int(11) DEFAULT '0',
  `create_time` int(11) DEFAULT NULL,
  PRIMARY KEY (`id`)
) ENGINE=InnoDB DEFAULT CHARSET=utf8;
CREATE TABLE IF NOT EXISTS `ims_gd_sms` (
  `id` int(11) NOT NULL AUTO_INCREMENT,
  `uniacid` int(11) DEFAULT '0',
  `uid` int(11) DEFAULT '0',
  `create_time` int(11) DEFAULT '0',
  `code` varchar(45) DEFAULT '',
  `end_time` int(11) DEFAULT '0',
  `mobile` varchar(45) DEFAULT '0',
  PRIMARY KEY (`id`)
) ENGINE=InnoDB DEFAULT CHARSET=utf8;
CREATE TABLE IF NOT EXISTS `ims_gd_sn` (
  `int` int(11) NOT NULL AUTO_INCREMENT,
  `uniacid` int(11) DEFAULT '0',
  `sn_name` varchar(45) DEFAULT '',
  `date` varchar(45) DEFAULT '',
  `sn_no` varchar(45) DEFAULT '0',
  `create_time` int(11) DEFAULT '0',
  PRIMARY KEY (`int`)
) ENGINE=InnoDB DEFAULT CHARSET=utf8;
CREATE TABLE IF NOT EXISTS `ims_gd_source_form` (
  `id` int(11) NOT NULL AUTO_INCREMENT,
  `source` text,
  `app_id` int(11) DEFAULT '0',
  `table` varchar(400) NOT NULL,
  `create_time` int(11) DEFAULT '0',
  `update_time` int(11) DEFAULT '0',
  PRIMARY KEY (`id`)
) ENGINE=InnoDB AUTO_INCREMENT=100 DEFAULT CHARSET=utf8;
CREATE TABLE IF NOT EXISTS `ims_gd_staffcol` (
  `id` int(11) NOT NULL AUTO_INCREMENT,
  `name` varchar(145) NOT NULL,
  `type` varchar(45) NOT NULL,
  `status` int(11) DEFAULT '1',
  `create_time` int(11) DEFAULT NULL,
  `uniacid` int(11) DEFAULT '0',
  `sort` varchar(45) DEFAULT '1',
  `val` varchar(445) DEFAULT NULL,
  PRIMARY KEY (`id`)
) ENGINE=InnoDB DEFAULT CHARSET=utf8;
CREATE TABLE IF NOT EXISTS `ims_gd_staffext` (
  `id` int(11) NOT NULL AUTO_INCREMENT,
  `uniacid` int(11) NOT NULL DEFAULT '0',
  `uid` int(11) NOT NULL,
  `member_id` int(11) NOT NULL,
  `member_name` varchar(145) DEFAULT NULL,
  `name` varchar(145) DEFAULT NULL,
  `mobile` varchar(45) DEFAULT NULL,
  `ext` varchar(1045) DEFAULT NULL,
  `create_time` int(11) DEFAULT '0',
  `status` int(11) DEFAULT '1',
  `avatar` varchar(445) DEFAULT NULL,
  `pass` int(11) DEFAULT '0',
  PRIMARY KEY (`id`)
) ENGINE=InnoDB DEFAULT CHARSET=utf8;
CREATE TABLE IF NOT EXISTS `ims_gd_xml` (
  `id` int(11) NOT NULL AUTO_INCREMENT,
  `uniacid` int(11) DEFAULT NULL,
  `flow_id` int(11) DEFAULT NULL,
  `xml` text,
  `create_time` int(11) DEFAULT NULL,
  `is_delete` int(11) DEFAULT '0',
  `old_xml` text,
  PRIMARY KEY (`id`)
) ENGINE=InnoDB AUTO_INCREMENT=88 DEFAULT CHARSET=utf8;
CREATE TABLE IF NOT EXISTS `ims_gd_zlk` (
  `id` int(11) NOT NULL AUTO_INCREMENT,
  `uniacid` int(11) NOT NULL DEFAULT '0',
  `name` varchar(145) NOT NULL,
  `table` varchar(200) DEFAULT NULL,
  `desc` text,
  `status` int(11) DEFAULT '1',
  `create_time` int(11) DEFAULT '0',
  `category` int(11) DEFAULT '0',
  `category_name` varchar(145) DEFAULT NULL,
  `xml` text NOT NULL,
  PRIMARY KEY (`id`)
) ENGINE=InnoDB DEFAULT CHARSET=utf8;
CREATE TABLE IF NOT EXISTS `ims_gd_zlx` (
  `id` int(11) NOT NULL AUTO_INCREMENT,
  `uniacid` int(11) NOT NULL,
  `name` varchar(145) NOT NULL,
  `status` int(11) DEFAULT '1',
  `create_time` int(11) DEFAULT NULL,
  PRIMARY KEY (`id`)
) ENGINE=InnoDB DEFAULT CHARSET=utf8;
]]></install>
	<uninstall><![CDATA[DROP TABLE IF EXISTS `ims_gd_acc`;
DROP TABLE IF EXISTS `ims_gd_ad`;
DROP TABLE IF EXISTS `ims_gd_admin`;
DROP TABLE IF EXISTS `ims_gd_app`;
DROP TABLE IF EXISTS `ims_gd_article`;
DROP TABLE IF EXISTS `ims_gd_bd98855`;
DROP TABLE IF EXISTS `ims_gd_cancel`;
DROP TABLE IF EXISTS `ims_gd_category`;
DROP TABLE IF EXISTS `ims_gd_code`;
DROP TABLE IF EXISTS `ims_gd_code_label`;
DROP TABLE IF EXISTS `ims_gd_datas`;
DROP TABLE IF EXISTS `ims_gd_deal`;
DROP TABLE IF EXISTS `ims_gd_department`;
DROP TABLE IF EXISTS `ims_gd_element`;
DROP TABLE IF EXISTS `ims_gd_fj`;
DROP TABLE IF EXISTS `ims_gd_flow`;
DROP TABLE IF EXISTS `ims_gd_gq`;
DROP TABLE IF EXISTS `ims_gd_hb`;
DROP TABLE IF EXISTS `ims_gd_hblog`;
DROP TABLE IF EXISTS `ims_gd_hbset`;
DROP TABLE IF EXISTS `ims_gd_images`;
DROP TABLE IF EXISTS `ims_gd_label`;
DROP TABLE IF EXISTS `ims_gd_lb`;
DROP TABLE IF EXISTS `ims_gd_lct`;
DROP TABLE IF EXISTS `ims_gd_ld`;
DROP TABLE IF EXISTS `ims_gd_member`;
DROP TABLE IF EXISTS `ims_gd_member_ext`;
DROP TABLE IF EXISTS `ims_gd_member_label`;
DROP TABLE IF EXISTS `ims_gd_menu`;
DROP TABLE IF EXISTS `ims_gd_mm`;
DROP TABLE IF EXISTS `ims_gd_msg`;
DROP TABLE IF EXISTS `ims_gd_mu`;
DROP TABLE IF EXISTS `ims_gd_node`;
DROP TABLE IF EXISTS `ims_gd_notice`;
DROP TABLE IF EXISTS `ims_gd_order`;
DROP TABLE IF EXISTS `ims_gd_plugin`;
DROP TABLE IF EXISTS `ims_gd_plugin_have`;
DROP TABLE IF EXISTS `ims_gd_pool`;
DROP TABLE IF EXISTS `ims_gd_preline`;
DROP TABLE IF EXISTS `ims_gd_prenode`;
DROP TABLE IF EXISTS `ims_gd_property`;
DROP TABLE IF EXISTS `ims_gd_recorder`;
DROP TABLE IF EXISTS `ims_gd_remind`;
DROP TABLE IF EXISTS `ims_gd_setting`;
DROP TABLE IF EXISTS `ims_gd_share`;
DROP TABLE IF EXISTS `ims_gd_sms`;
DROP TABLE IF EXISTS `ims_gd_sn`;
DROP TABLE IF EXISTS `ims_gd_source_form`;
DROP TABLE IF EXISTS `ims_gd_staffcol`;
DROP TABLE IF EXISTS `ims_gd_staffext`;
DROP TABLE IF EXISTS `ims_gd_xml`;
DROP TABLE IF EXISTS `ims_gd_zlk`;
DROP TABLE IF EXISTS `ims_gd_zlx`;
]]></uninstall>
	<upgrade><![CDATA[upgrade.php]]></upgrade>
</manifest>